[
  {
    "value": "Kerry",
    "synonyms": [
      "Kerry",
      "เคอรรี่",
      "เคอรี่",
      "เคอลี่",
      "เคอร์ลี่",
      "เคออรี่",
      "คเออรี่",
      "เขอรี่",
      "เขออรี่",
      "เขอรรี่",
      "เกอรรี่",
      "กเอรรี่",
      "คเคอรี่",
      "คเคอรรี่"
    ]
  },
  {
    "value": "ลงทะเบียน",
    "synonyms": [
      "ลงทะเบียน",
      "ลทบ"
    ]
  },
  {
    "value": "Flash Express",
    "synonyms": [
      "Flash Express",
      "Flash",
      "แฟลช",
      "แฟลชเอกเพลส",
      "แพลชเอ็กซ์เพรส",
      "แฟลชเอกเพรส",
      "flash",
      "แฟช",
      "แฟชเอกเพลส",
      "แฟชเอกเพรส",
      "แฟด",
      "แฟก",
      "แฟเ",
      "แฟส"
    ]
  },
  {
    "value": "EMS",
    "synonyms": [
      "EMS",
      "อีเอมเอส",
      "อีเอ็มเอส"
    ]
  },
  {
    "value": "ส่งธรรมดา",
    "synonyms": [
      "ส่งธรรมดา",
      "ธรรมดา",
      "ทำดา"
    ]
  },
  {
    "value": "Flash Express (COD)",
    "synonyms": [
      "Flash Express (COD)",
      "แฟลชปลายทาง",
      "แฟดปลายทาง",
      "แฟชปลายทาง",
      "flash ปลายทาง",
      "flash express ปลายทาง",
      "แฟลช cod",
      "แฟช cod",
      "แฟลชแบบปลายทาง",
      "flash แบบปลายทาง",
      "flash express แบบปลายทาง",
      "flash cod"
    ]
  },
  {
    "value": "Kerry (COD)",
    "synonyms": [
      "Kerry (COD)",
      "เคอรรี่ปลายทาง",
      "เคอรรี่แบบปลายทาง",
      "เคอรี่ปลายทาง",
      "เคอรี่แบบปลายทาง",
      "kerry cod",
      "เคอรี่ cod",
      "เคอรี่แบบ cod",
      "เคอรรี่ cod",
      "เคอรรี่แบบ cod",
      "Kerry แบบปลายทาง",
      "kerry ปลายทาง"
    ]
  }
]