[
  {
    "value": "เห็ดหลินจือ",
    "synonyms": [
      "เห็ดหลินจือ",
      "เห็ด",
      "หลินจือ",
      "เหด",
      "เห้ด",
      "หลิงจือ"
    ]
  },
  {
    "value": "ฟ้าทลายโจรผสมกระชายขาว",
    "synonyms": [
      "ฟ้าทลายโจรผสมกระชายขาว",
      "ฟ้าทลายโจร",
      "ฟ้าทลายโจน",
      "ฟ้าทลายโจนผสมกระชายขาว",
      "ฟ้าทลายโจรกระชายขาว",
      "ฟ้าทลายโจนกระชายขาว",
      "ฟ้า"
    ]
  },
  {
    "value": "กระชายดำผสมงาดำ",
    "synonyms": [
      "กระชายดำผสมงาดำ",
      "กระชายดำงาดำ",
      "กระชายดำ",
      "กระชายงาดำ",
      "กระชายผสมงาดำ"
    ]
  },
  {
    "value": "กระชายขาวผสมขิง",
    "synonyms": [
      "กระชายขาวผสมขิง",
      "กระชายขาวขิง",
      "กระชายขิง",
      "กระชายผสมขิง",
      "กระชายขาว"
    ]
  },
  {
    "value": "ถังเช่าสีทอง",
    "synonyms": [
      "ถังเช่าสีทอง",
      "ถังเช่า",
      "ถังเช่าทอง",
      "ถัง"
    ]
  }
]