[
  {
    "id": "2db80774-6472-4808-8808-8f7cb3c7f733",
    "data": [
      {
        "text": "ที่อยู่ผิด",
        "userDefined": false
      }
    ],
    "isTemplate": false,
    "count": 0,
    "lang": "th",
    "updated": 0
  },
  {
    "id": "55acb523-5b38-4019-a236-6ffbe3a7bd70",
    "data": [
      {
        "text": "เปลี่ยนที่อยู่ใหม่",
        "userDefined": false
      }
    ],
    "isTemplate": false,
    "count": 0,
    "lang": "th",
    "updated": 0
  },
  {
    "id": "dc2d3f42-127a-43e9-abf8-3b4a9f889f8d",
    "data": [
      {
        "text": "ขอเปลี่ยนที่อยู่ใหม่",
        "userDefined": false
      }
    ],
    "isTemplate": false,
    "count": 0,
    "lang": "th",
    "updated": 0
  }
]