[
  {
    "id": "720f97c3-9e4f-40b4-a3c4-95c60d55f29d",
    "data": [
      {
        "text": "ยกเลิกคำสั่งซื้อ",
        "userDefined": false
      }
    ],
    "isTemplate": false,
    "count": 0,
    "lang": "th",
    "updated": 0
  },
  {
    "id": "a9399910-11bc-4d07-916e-ab1e23268373",
    "data": [
      {
        "text": "ขอยกเลิกออเดอร์",
        "userDefined": false
      }
    ],
    "isTemplate": false,
    "count": 0,
    "lang": "th",
    "updated": 0
  }
]