[
  {
    "id": "a1a7b1f0-4595-440d-98cd-fff881360d78",
    "data": [
      {
        "text": "ดีค่ะคุณน้อง",
        "userDefined": false
      }
    ],
    "isTemplate": false,
    "count": 0,
    "lang": "th",
    "updated": 0
  },
  {
    "id": "9bbd5cc8-a96a-4530-96da-d1e436987347",
    "data": [
      {
        "text": "ดีครับ",
        "userDefined": false
      }
    ],
    "isTemplate": false,
    "count": 0,
    "lang": "th",
    "updated": 0
  },
  {
    "id": "2175188a-cfd8-4bb7-8688-2508ecfeec31",
    "data": [
      {
        "text": "ดีค่ะ",
        "userDefined": false
      }
    ],
    "isTemplate": false,
    "count": 0,
    "lang": "th",
    "updated": 0
  },
  {
    "id": "a3b646d9-9c82-4278-acda-ecf350cfa1ca",
    "data": [
      {
        "text": "สวัสดี",
        "userDefined": false
      }
    ],
    "isTemplate": false,
    "count": 0,
    "lang": "th",
    "updated": 0
  },
  {
    "id": "81090a4f-7cf9-4773-b4ce-9a182e8e1c70",
    "data": [
      {
        "text": "หวัดดีจ้ะ",
        "userDefined": false
      }
    ],
    "isTemplate": false,
    "count": 0,
    "lang": "th",
    "updated": 0
  },
  {
    "id": "d972a596-596a-4c0a-933d-7f7f801960e4",
    "data": [
      {
        "text": "สวัสดีน้า",
        "userDefined": false
      }
    ],
    "isTemplate": false,
    "count": 0,
    "lang": "th",
    "updated": 0
  },
  {
    "id": "a5e4d9b6-e9a6-429b-a7f0-a7534d4b2374",
    "data": [
      {
        "text": "ว่าไง",
        "userDefined": false
      }
    ],
    "isTemplate": false,
    "count": 0,
    "lang": "th",
    "updated": 0
  },
  {
    "id": "f8f30a96-19a6-4ee6-97c5-656d5d5dbca5",
    "data": [
      {
        "text": "สวีดัส",
        "userDefined": false
      }
    ],
    "isTemplate": false,
    "count": 0,
    "lang": "th",
    "updated": 0
  },
  {
    "id": "72092296-df38-4a08-a889-ffe90f5a2d0e",
    "data": [
      {
        "text": "สวัสดีจ้ะ",
        "userDefined": false
      }
    ],
    "isTemplate": false,
    "count": 0,
    "lang": "th",
    "updated": 0
  },
  {
    "id": "d825d5b7-5527-4479-8c98-129b34ba3a5e",
    "data": [
      {
        "text": "หวัดดีจ้า",
        "userDefined": false
      }
    ],
    "isTemplate": false,
    "count": 0,
    "lang": "th",
    "updated": 0
  },
  {
    "id": "35426ca9-47d8-4b7d-92f3-5e5ae4434db3",
    "data": [
      {
        "text": "สวัสดีคะ",
        "userDefined": false
      }
    ],
    "isTemplate": false,
    "count": 0,
    "lang": "th",
    "updated": 0
  },
  {
    "id": "97325b31-6c3a-456f-a715-a88ba73f824e",
    "data": [
      {
        "text": "สวัสดีค่ะ",
        "userDefined": false
      }
    ],
    "isTemplate": false,
    "count": 0,
    "lang": "th",
    "updated": 0
  },
  {
    "id": "45cc63e3-de57-4f4c-a07c-b3cea2f9c3c3",
    "data": [
      {
        "text": "สวัสดีคับ",
        "userDefined": false
      }
    ],
    "isTemplate": false,
    "count": 0,
    "lang": "th",
    "updated": 0
  },
  {
    "id": "1843aacd-62a2-433b-a7a7-c8ffe40b3845",
    "data": [
      {
        "text": "สวัสดีครับ",
        "userDefined": false
      }
    ],
    "isTemplate": false,
    "count": 0,
    "lang": "th",
    "updated": 0
  },
  {
    "id": "6ee9f230-2cb2-42ad-9cfe-7edb5dd72520",
    "data": [
      {
        "text": "ไม่เจอกันตั้งนาน",
        "userDefined": false
      }
    ],
    "isTemplate": false,
    "count": 0,
    "lang": "th",
    "updated": 0
  },
  {
    "id": "70af7658-f159-4507-9230-09effba3dd89",
    "data": [
      {
        "text": "ขอทักทาย",
        "userDefined": false
      }
    ],
    "isTemplate": false,
    "count": 0,
    "lang": "th",
    "updated": 0
  },
  {
    "id": "c704b7d6-ed5d-45b3-8f66-3a37bb784969",
    "data": [
      {
        "text": "หวัดดี",
        "userDefined": false
      }
    ],
    "isTemplate": false,
    "count": 0,
    "lang": "th",
    "updated": 0
  }
]