[
  {
    "id": "404d3deb-a252-4b06-90bd-bf5cb347e375",
    "data": [
      {
        "text": "ไม่ต้องแล้ว",
        "userDefined": false
      }
    ],
    "isTemplate": false,
    "count": 0,
    "lang": "th",
    "updated": 0
  },
  {
    "id": "533a38d1-b785-4ca7-bb2b-d20374550891",
    "data": [
      {
        "text": "หยุด",
        "userDefined": false
      }
    ],
    "isTemplate": false,
    "count": 0,
    "lang": "th",
    "updated": 0
  },
  {
    "id": "48518e1f-ffd4-48b8-8115-a28e659b10a6",
    "data": [
      {
        "text": "เลิกทำ",
        "userDefined": false
      }
    ],
    "isTemplate": false,
    "count": 1,
    "lang": "th",
    "updated": 0
  },
  {
    "id": "a947927b-8e33-4ec4-b952-26b423bd2f30",
    "data": [
      {
        "text": "ข้าม",
        "userDefined": false
      }
    ],
    "isTemplate": false,
    "count": 0,
    "lang": "th",
    "updated": 0
  },
  {
    "id": "2dabde39-cdbd-4e70-af01-663107e16c42",
    "data": [
      {
        "text": "ปิด",
        "userDefined": false
      }
    ],
    "isTemplate": false,
    "count": 0,
    "lang": "th",
    "updated": 0
  },
  {
    "id": "a92da662-3e9f-430b-9f69-9a4b19dd9a62",
    "data": [
      {
        "text": "ไม่เอาแล้ว",
        "userDefined": false
      }
    ],
    "isTemplate": false,
    "count": 0,
    "lang": "th",
    "updated": 0
  },
  {
    "id": "78c8f027-658b-4d0e-a235-2d0114d87ccf",
    "data": [
      {
        "text": "ไม่เป็นไร",
        "userDefined": false
      }
    ],
    "isTemplate": false,
    "count": 0,
    "lang": "th",
    "updated": 0
  },
  {
    "id": "b3cc3db4-fde4-424d-a88b-c1ba9db74142",
    "data": [
      {
        "text": "ยกเลิก",
        "userDefined": false
      }
    ],
    "isTemplate": false,
    "count": 0,
    "lang": "th",
    "updated": 0
  },
  {
    "id": "36f807e3-1fb5-4024-a09f-772125fe6e37",
    "data": [
      {
        "text": "ล้มเลิก",
        "userDefined": false
      }
    ],
    "isTemplate": false,
    "count": 0,
    "lang": "th",
    "updated": 0
  },
  {
    "id": "41e4368e-9138-4b56-9654-659304838000",
    "data": [
      {
        "text": "หยุดให้หน่อย",
        "userDefined": false
      }
    ],
    "isTemplate": false,
    "count": 0,
    "lang": "th",
    "updated": 0
  }
]