[
  {
    "id": "aa880669-ba69-4257-92b5-003801326983",
    "data": [
      {
        "text": "ขอเปลี่ยนขนส่ง",
        "userDefined": false
      }
    ],
    "isTemplate": false,
    "count": 0,
    "lang": "th",
    "updated": 0
  },
  {
    "id": "d3a70e82-05ae-4095-9140-e650549af7ee",
    "data": [
      {
        "text": "เปลี่ยนประเภทขนส่ง",
        "userDefined": false
      }
    ],
    "isTemplate": false,
    "count": 0,
    "lang": "th",
    "updated": 0
  },
  {
    "id": "283d764b-14d8-4e92-92fd-86ac9b414042",
    "data": [
      {
        "text": "เปลี่ยนขนส่ง",
        "userDefined": false
      }
    ],
    "isTemplate": false,
    "count": 0,
    "lang": "th",
    "updated": 0
  }
]