[
  {
    "id": "8aeeba8b-47b6-48d1-8766-0a2bd21ec7bf",
    "data": [
      {
        "text": "ขอเปลี่ยนที่อยู่ได้ไหม",
        "userDefined": false
      }
    ],
    "isTemplate": false,
    "count": 0,
    "lang": "th",
    "updated": 0
  },
  {
    "id": "0af076c3-1897-4101-8ec4-a83bf497c24a",
    "data": [
      {
        "text": "แก้ใหม่",
        "userDefined": false
      }
    ],
    "isTemplate": false,
    "count": 0,
    "lang": "th",
    "updated": 0
  },
  {
    "id": "73a242d9-aa0f-48a3-8e9b-70a8f78e2151",
    "data": [
      {
        "text": "ผิด ขอเปลี่ยน",
        "userDefined": false
      }
    ],
    "isTemplate": false,
    "count": 0,
    "lang": "th",
    "updated": 0
  },
  {
    "id": "5f2dc078-12c8-4172-8401-e44c2275aec7",
    "data": [
      {
        "text": "เปลี่ยนที่อยู่ใหม่",
        "userDefined": false
      }
    ],
    "isTemplate": false,
    "count": 0,
    "lang": "th",
    "updated": 0
  },
  {
    "id": "8d301066-23a2-4d2f-8814-4fca2211dccd",
    "data": [
      {
        "text": "ขอแก้ที่อยู่ใหม่",
        "userDefined": false
      }
    ],
    "isTemplate": false,
    "count": 0,
    "lang": "th",
    "updated": 0
  }
]