[
  {
    "id": "434d5d83-dc0d-4a0b-905e-edfaa33e5309",
    "data": [
      {
        "text": "https://www.facebook.com/messages/t/110100641400020",
        "userDefined": false
      }
    ],
    "isTemplate": false,
    "count": 0,
    "lang": "th",
    "updated": 0
  },
  {
    "id": "3bc866d5-4270-470e-b2fe-40be625843f0",
    "data": [
      {
        "text": "https://scontent.xx.fbcdn.net/v/t1.15752-9/s480x480/272805274_690540048647522_6023931163422709913_n.jpg?_nc_cat\u003d100\u0026ccb\u003d1-5\u0026_nc_sid\u003daee45a\u0026_nc_eui2\u003dAeFuLcYBpycTHRaqFqrSvfNLWijm-bmn0L9aKOb5uafQvymfQ0ACHaX6oDQx6lY7hUyPtK_L6V3FP1N4qckOw32J\u0026_nc_ohc\u003d2SsIbDdjq_YAX9084PV\u0026_nc_ad\u003dz-m\u0026_nc_cid\u003d0\u0026_nc_ht\u003dscontent.xx\u0026oh\u003d03_AVJkGvWBfAOsKposilnptUx0qgVAiHVKYqdNKrBG1dxN-g\u0026oe\u003d6232FB70",
        "userDefined": false
      }
    ],
    "isTemplate": false,
    "count": 0,
    "lang": "th",
    "updated": 0
  },
  {
    "id": "4d2967f4-1cc3-45dc-9686-adb57aa7da7d",
    "data": [
      {
        "text": "blob:https://www.facebook.com/aa25dac5-dd5e-4876-bfe8-1ae72eb12831",
        "userDefined": false
      }
    ],
    "isTemplate": false,
    "count": 0,
    "lang": "th",
    "updated": 0
  },
  {
    "id": "076bab3f-d10b-4c06-a292-93df53110d8d",
    "data": [
      {
        "text": "https://scontent.xx.fbcdn.net/v/t1.15752-9/p320x320/248053174_494974215476114_9111627379359462807_n.jpg?_nc_cat\u003d100\u0026ccb\u003d1-5\u0026_nc_sid\u003daee45a\u0026_nc_eui2\u003dAeEgE7t3-ug3h6kK6zTTtgrpEx2-gMDwrFETHb6AwPCsUfZEqPea-PKHMC6d7DwL5iCE54mlTPrYGFCz5LgaZeCy\u0026_nc_ohc\u003drobNB9cTP8wAX9us8yB\u0026_nc_ad\u003dz-m\u0026_nc_cid\u003d0\u0026_nc_ht\u003dscontent.xx\u0026oh\u003d03_AVIcGA6c-09NTpPXkucTtPS2wolMSheBxKgAPGRTAJJ7kg\u0026oe\u003d623057D8",
        "userDefined": false
      }
    ],
    "isTemplate": false,
    "count": 1,
    "lang": "th",
    "updated": 0
  },
  {
    "id": "013baecd-1e9d-45e0-8331-53d307dd533c",
    "data": [
      {
        "text": "https://www.facebook.com/messenger_media?thread_id\u003d110100641400020\u0026attachment_id\u003d1876710702516894\u0026message_id\u003dmid.%24cAAA-0ZnVnK-FL-2CIl-_qgunXyF0",
        "userDefined": false
      }
    ],
    "isTemplate": false,
    "count": 0,
    "lang": "th",
    "updated": 0
  }
]