[
  {
    "id": "acedc907-7abc-46ef-9a02-a3422ea17546",
    "data": [
      {
        "text": "สุพิญญา คารมทอง",
        "meta": "@sys.any",
        "alias": "any",
        "userDefined": true
      },
      {
        "text": " ",
        "userDefined": false
      },
      {
        "text": "88/8 หมู่ที่ 1 ต.ชะมาย อ.ทุ่งสง จ.นครศรีธรรมราช 80110",
        "meta": "@sys.address",
        "alias": "address",
        "userDefined": false
      },
      {
        "text": " ",
        "userDefined": false
      },
      {
        "text": "0633121211",
        "meta": "@sys.phone-number",
        "alias": "phoneNumber",
        "userDefined": false
      }
    ],
    "isTemplate": false,
    "count": 0,
    "lang": "th",
    "updated": 0
  },
  {
    "id": "1d766f90-9c96-4ac3-a9a9-9e005df1dd92",
    "data": [
      {
        "text": "ปีเตอร์ เคาช์",
        "meta": "@sys.any",
        "alias": "any",
        "userDefined": true
      },
      {
        "text": " ",
        "userDefined": false
      },
      {
        "text": "3/4-5 หมู่ 3 ตำบลคลองห้า อำเภอคลองหลวง จังหวัดปทุมธานี 12120",
        "meta": "@sys.address",
        "alias": "address",
        "userDefined": false
      },
      {
        "text": " โทรศัพท์ ",
        "userDefined": false
      },
      {
        "text": "02 577 5100",
        "meta": "@sys.phone-number",
        "alias": "phoneNumber",
        "userDefined": false
      }
    ],
    "isTemplate": false,
    "count": 0,
    "lang": "th",
    "updated": 0
  },
  {
    "id": "55af4a61-2ed4-409c-a794-cccd9d5aa767",
    "data": [
      {
        "text": "ขวัญหญิง สุริยศ",
        "meta": "@sys.any",
        "alias": "any",
        "userDefined": true
      },
      {
        "text": " ",
        "userDefined": false
      },
      {
        "text": "151/1 ต.ปงสนุก อ.เวียงสา จ.น่าน 55110",
        "meta": "@sys.address",
        "alias": "address",
        "userDefined": false
      },
      {
        "text": "เบอร์",
        "userDefined": false
      },
      {
        "text": "0831525023",
        "meta": "@sys.phone-number",
        "alias": "phoneNumber",
        "userDefined": false
      }
    ],
    "isTemplate": false,
    "count": 0,
    "lang": "th",
    "updated": 0
  },
  {
    "id": "01904567-2f1f-4642-b208-54321508ae09",
    "data": [
      {
        "text": "นัทธพงศ์ พูลเพิ่ม",
        "meta": "@sys.last-name",
        "alias": "last-name",
        "userDefined": false
      },
      {
        "text": " ",
        "userDefined": false
      },
      {
        "text": "0943130402",
        "meta": "@sys.phone-number",
        "alias": "phoneNumber",
        "userDefined": false
      },
      {
        "text": " ",
        "userDefined": false
      },
      {
        "text": "110/9 ม.5 ต.บึง อ.ศรีราชา จ.ชลบุรี 20230",
        "meta": "@sys.address",
        "alias": "address",
        "userDefined": false
      }
    ],
    "isTemplate": false,
    "count": 0,
    "lang": "th",
    "updated": 0
  },
  {
    "id": "8af73fca-2807-4945-ac84-fc333e31587a",
    "data": [
      {
        "text": "330 ถ.เชียงใหม่-ลำปาง ต.ป่าตัน อ.เมือง จ.เชียงใหม่ รหัสไปรษณีย์ 50300",
        "meta": "@sys.address",
        "alias": "address",
        "userDefined": true
      },
      {
        "text": " ",
        "userDefined": false
      },
      {
        "text": "0631131159",
        "meta": "@sys.phone-number",
        "alias": "phoneNumber",
        "userDefined": true
      },
      {
        "text": " ",
        "userDefined": false
      },
      {
        "text": "เสกสรรค์ ทองอ่อน",
        "meta": "@sys.any",
        "alias": "any",
        "userDefined": true
      }
    ],
    "isTemplate": false,
    "count": 0,
    "lang": "th",
    "updated": 0
  },
  {
    "id": "48e6a4e4-4266-453f-8d0c-e0d8c95b1963",
    "data": [
      {
        "text": "สมพง ส่องแสง",
        "meta": "@sys.any",
        "alias": "any",
        "userDefined": true
      },
      {
        "text": " ",
        "userDefined": false
      },
      {
        "text": "จ.72/2 ถ.ดาวดึงส์ ต.ปากน้ำโพ อ.เมือง จ.นครสวรรค์ 60000",
        "meta": "@sys.address",
        "alias": "address",
        "userDefined": true
      },
      {
        "text": " ",
        "userDefined": false
      },
      {
        "text": "0827754150",
        "meta": "@sys.phone-number",
        "alias": "phoneNumber",
        "userDefined": true
      }
    ],
    "isTemplate": false,
    "count": 0,
    "lang": "th",
    "updated": 0
  },
  {
    "id": "abdf5c61-62df-465e-888b-d4f46437435b",
    "data": [
      {
        "text": "อรรถพล ตันติวัฒนะผล",
        "meta": "@sys.any",
        "alias": "any",
        "userDefined": true
      },
      {
        "text": " ",
        "userDefined": false
      },
      {
        "text": "ง.78/113 ถ.ดาวดึงส์ ต.ปากน้ำ อ.เมือง จ.นครสวรรค์ 60000",
        "meta": "@sys.address",
        "alias": "address",
        "userDefined": true
      },
      {
        "text": " ",
        "userDefined": false
      },
      {
        "text": "เบอร์",
        "userDefined": false
      },
      {
        "text": " ",
        "userDefined": false
      },
      {
        "text": "0827754150",
        "meta": "@sys.phone-number",
        "alias": "phoneNumber",
        "userDefined": true
      }
    ],
    "isTemplate": false,
    "count": 0,
    "lang": "th",
    "updated": 0
  }
]