[
  {
    "id": "7e09d7c7-a22b-46a8-bc66-a980876e9dc6",
    "data": [
      {
        "text": "เป็นความดันแนะนำหน่อย",
        "userDefined": false
      }
    ],
    "isTemplate": false,
    "count": 0,
    "lang": "th",
    "updated": 0
  },
  {
    "id": "f7a73fdd-fa2d-489e-b4de-c7295b9cfc4f",
    "data": [
      {
        "text": "ความดันโลหิตสูง",
        "userDefined": false
      }
    ],
    "isTemplate": false,
    "count": 0,
    "lang": "th",
    "updated": 0
  },
  {
    "id": "6581f508-9ebd-4f98-a1c4-910d6036a3f8",
    "data": [
      {
        "text": "เบาหวานทานได้ไหม",
        "userDefined": false
      }
    ],
    "isTemplate": false,
    "count": 0,
    "lang": "th",
    "updated": 0
  },
  {
    "id": "3bf72cf1-3a6b-4899-bc0e-3156b323fa42",
    "data": [
      {
        "text": "ความดันทานได้ไหม",
        "userDefined": false
      }
    ],
    "isTemplate": false,
    "count": 0,
    "lang": "th",
    "updated": 0
  }
]