[
  {
    "id": "c66716bb-4958-43cc-9207-f65e1f653d77",
    "data": [
      {
        "text": "ส่ง",
        "userDefined": false
      },
      {
        "text": "ปลายทาง",
        "meta": "@DeliveryType",
        "alias": "deliverytype",
        "userDefined": false
      },
      {
        "text": "เท่าไหร่",
        "meta": "@ProductCost",
        "alias": "productcost",
        "userDefined": false
      }
    ],
    "isTemplate": false,
    "count": 0,
    "lang": "th",
    "updated": 0
  },
  {
    "id": "c0258825-99b7-44db-aeb6-26eef9acb251",
    "data": [
      {
        "text": "ขนส่งแพงไหม",
        "userDefined": false
      }
    ],
    "isTemplate": false,
    "count": 0,
    "lang": "th",
    "updated": 0
  },
  {
    "id": "6570e194-7203-46da-82a2-369378638aba",
    "data": [
      {
        "text": "ค่าส่ง",
        "userDefined": false
      }
    ],
    "isTemplate": false,
    "count": 0,
    "lang": "th",
    "updated": 0
  },
  {
    "id": "6424ec29-1398-480a-a75a-555a4b082a4e",
    "data": [
      {
        "text": "ราคา",
        "meta": "@ProductCost",
        "alias": "productcost",
        "userDefined": false
      },
      {
        "text": "ขนส่ง",
        "userDefined": false
      }
    ],
    "isTemplate": false,
    "count": 0,
    "lang": "th",
    "updated": 0
  },
  {
    "id": "282ab85a-9464-46c2-9300-b55bd2f79a08",
    "data": [
      {
        "text": "ค่าขนส่ง",
        "userDefined": false
      },
      {
        "text": "เท่าไหร่",
        "meta": "@ProductCost",
        "alias": "productcost",
        "userDefined": false
      }
    ],
    "isTemplate": false,
    "count": 0,
    "lang": "th",
    "updated": 0
  }
]