[
  {
    "id": "70b29b8c-fdfe-4a9b-94bc-96ae0633d0ee",
    "data": [
      {
        "text": "ขนาด",
        "userDefined": false
      },
      {
        "text": "เท่าไหร่",
        "meta": "@ProductCost",
        "alias": "productcost",
        "userDefined": false
      }
    ],
    "isTemplate": false,
    "count": 0,
    "lang": "th",
    "updated": 0
  },
  {
    "id": "d2bbe073-0004-4700-a34e-00beec3f9312",
    "data": [
      {
        "text": "กี่กรัมคะ",
        "userDefined": false
      }
    ],
    "isTemplate": false,
    "count": 0,
    "lang": "th",
    "updated": 0
  }
]