[
  {
    "id": "a5af55ad-0b6b-4beb-ae8c-5424e58e6561",
    "data": [
      {
        "text": "มีน้ำตาลไหม",
        "userDefined": false
      }
    ],
    "isTemplate": false,
    "count": 0,
    "lang": "th",
    "updated": 0
  },
  {
    "id": "0d32dbdf-c1e0-4e3b-bf6d-013bdc7bf9a1",
    "data": [
      {
        "text": "ผสมน้ำตาลไหม",
        "userDefined": false
      }
    ],
    "isTemplate": false,
    "count": 0,
    "lang": "th",
    "updated": 0
  }
]