[
  {
    "id": "e63b449f-a6b6-476a-bf85-ae38382b67c2",
    "data": [
      {
        "text": "ส่งตอนไหนส่งวันไหน",
        "userDefined": false
      }
    ],
    "isTemplate": false,
    "count": 0,
    "lang": "th",
    "updated": 0
  },
  {
    "id": "b4e8690a-121a-4bca-a99a-d4c6a4db685d",
    "data": [
      {
        "text": "ส่งตอนไหน",
        "userDefined": false
      }
    ],
    "isTemplate": false,
    "count": 0,
    "lang": "th",
    "updated": 0
  },
  {
    "id": "c3ac3d3b-c2a2-469b-8a28-f5ea45b9873f",
    "data": [
      {
        "text": "ส่งวันนี้เลยใหม่คะ",
        "userDefined": false
      }
    ],
    "isTemplate": false,
    "count": 0,
    "lang": "th",
    "updated": 0
  }
]