[
  {
    "id": "7b4f4439-aeed-417d-beec-72f85c7a9bc7",
    "data": [
      {
        "text": "อยู่ไหมคะ",
        "userDefined": false
      }
    ],
    "isTemplate": false,
    "count": 0,
    "lang": "th",
    "updated": 0
  },
  {
    "id": "42922070-c091-4868-8a70-f85f4eadefe9",
    "data": [
      {
        "text": "ขอถามหน่อยค่ะ",
        "userDefined": false
      }
    ],
    "isTemplate": false,
    "count": 0,
    "lang": "th",
    "updated": 0
  },
  {
    "id": "baea8735-dcd3-4ee4-b5a5-9fd7b02fbc4c",
    "data": [
      {
        "text": "อยากรู้รายละเอียด",
        "userDefined": false
      }
    ],
    "isTemplate": false,
    "count": 0,
    "lang": "th",
    "updated": 0
  }
]