[
  {
    "id": "abf369c2-99da-4ad7-9406-2077557c6927",
    "data": [
      {
        "text": "ถุงละทะไหร่",
        "userDefined": false
      }
    ],
    "isTemplate": false,
    "count": 0,
    "lang": "th",
    "updated": 0
  },
  {
    "id": "61b09198-69b3-4e34-b1c6-8b95caf98e19",
    "data": [
      {
        "text": "ถุงละทะรัย",
        "userDefined": false
      }
    ],
    "isTemplate": false,
    "count": 0,
    "lang": "th",
    "updated": 0
  },
  {
    "id": "33b8eb30-16e9-48f9-98eb-d3ca4680da1f",
    "data": [
      {
        "text": "ถุงละเท่ารัย",
        "userDefined": false
      }
    ],
    "isTemplate": false,
    "count": 0,
    "lang": "th",
    "updated": 0
  },
  {
    "id": "afc9ef5e-e252-4473-9ff9-0756ab7f261a",
    "data": [
      {
        "text": "ถุงละ",
        "userDefined": false
      },
      {
        "text": "เท่าไหร่",
        "meta": "@ProductCost",
        "alias": "productcost",
        "userDefined": false
      }
    ],
    "isTemplate": false,
    "count": 0,
    "lang": "th",
    "updated": 0
  },
  {
    "id": "2e412229-c518-4d40-bf8d-dad355e50d04",
    "data": [
      {
        "text": "250",
        "meta": "@sys.number",
        "alias": "number",
        "userDefined": false
      },
      {
        "text": " บาท",
        "userDefined": false
      },
      {
        "text": "ราคา",
        "meta": "@ProductCost",
        "alias": "productcost",
        "userDefined": false
      },
      {
        "text": "กี่ถุงคะ",
        "userDefined": false
      }
    ],
    "isTemplate": false,
    "count": 0,
    "lang": "th",
    "updated": 0
  }
]