[
  {
    "id": "ee96ba63-729d-4b7e-b554-fb57152672cd",
    "data": [
      {
        "text": "ถังเช่าเท่าไหร่นะครับ",
        "userDefined": false
      }
    ],
    "isTemplate": false,
    "count": 0,
    "lang": "th",
    "updated": 0
  },
  {
    "id": "7cafeb4b-e6e7-4470-8a3c-1a118a5f6830",
    "data": [
      {
        "text": "ถังเช่า",
        "userDefined": false
      },
      {
        "text": "ราคา",
        "userDefined": false
      },
      {
        "text": "เท่าไหร่นะครับ",
        "userDefined": false
      }
    ],
    "isTemplate": false,
    "count": 0,
    "lang": "th",
    "updated": 0
  },
  {
    "id": "1d57816f-4553-44e7-8e1d-d1ad87e09ca5",
    "data": [
      {
        "text": "ถัง",
        "userDefined": false
      },
      {
        "text": "ราคา",
        "userDefined": false
      },
      {
        "text": "เท่าไหร่",
        "userDefined": false
      }
    ],
    "isTemplate": false,
    "count": 0,
    "lang": "th",
    "updated": 0
  },
  {
    "id": "ccd23667-098d-489c-9f78-4a8edc8c6951",
    "data": [
      {
        "text": "ถังกี่บาท",
        "userDefined": false
      }
    ],
    "isTemplate": false,
    "count": 0,
    "lang": "th",
    "updated": 0
  },
  {
    "id": "af8b4bc7-a52f-4d82-8dde-f809c4dc458d",
    "data": [
      {
        "text": "ถังเท่าไหร่",
        "userDefined": false
      }
    ],
    "isTemplate": false,
    "count": 0,
    "lang": "th",
    "updated": 0
  },
  {
    "id": "5a79c881-7a4e-457e-8dd3-717bb31bf19c",
    "data": [
      {
        "text": "ถังเช่า",
        "userDefined": false
      },
      {
        "text": "กี่บาท",
        "userDefined": false
      }
    ],
    "isTemplate": false,
    "count": 0,
    "lang": "th",
    "updated": 0
  },
  {
    "id": "1301e77c-c305-4384-8110-7f0cddc0bf88",
    "data": [
      {
        "text": "ถังเช่าแพงไหม",
        "userDefined": false
      }
    ],
    "isTemplate": false,
    "count": 0,
    "lang": "th",
    "updated": 0
  },
  {
    "id": "e6c95798-4b2e-41c3-9c06-bb1f1d87b624",
    "data": [
      {
        "text": "ราคา",
        "userDefined": false
      },
      {
        "text": "ถังเช่า",
        "userDefined": false
      }
    ],
    "isTemplate": false,
    "count": 0,
    "lang": "th",
    "updated": 0
  },
  {
    "id": "2e35a82f-c788-4704-8529-612a01fc1750",
    "data": [
      {
        "text": "ถังเช่า",
        "userDefined": false
      },
      {
        "text": "เท่าไหร่",
        "userDefined": false
      }
    ],
    "isTemplate": false,
    "count": 0,
    "lang": "th",
    "updated": 0
  },
  {
    "id": "958bb40f-8437-44cb-9324-efe3bfa4cc2d",
    "data": [
      {
        "text": "ถังเช่า",
        "userDefined": true
      },
      {
        "text": "ราคา",
        "userDefined": true
      },
      {
        "text": "เท่าไหร่",
        "userDefined": false
      }
    ],
    "isTemplate": false,
    "count": 0,
    "lang": "th",
    "updated": 0
  }
]