[
  {
    "id": "390e3f45-bf48-440d-b91c-367ac2a7e324",
    "data": [
      {
        "text": "กระชายดำ",
        "meta": "@ProductType",
        "alias": "ProductType",
        "userDefined": true
      },
      {
        "text": "แพงไหม",
        "userDefined": false
      }
    ],
    "isTemplate": false,
    "count": 0,
    "lang": "th",
    "updated": 0
  },
  {
    "id": "d1270d63-42d5-420d-a546-3b1b7fbd3b77",
    "data": [
      {
        "text": "ราคา",
        "meta": "@ProductCost",
        "alias": "ProductCost",
        "userDefined": false
      },
      {
        "text": "กระชายดำ",
        "meta": "@ProductType",
        "alias": "ProductType",
        "userDefined": false
      }
    ],
    "isTemplate": false,
    "count": 0,
    "lang": "th",
    "updated": 0
  },
  {
    "id": "a16c581a-e8de-4549-ab73-aaef3b1aafc9",
    "data": [
      {
        "text": "กระชายดำ",
        "meta": "@ProductType",
        "alias": "ProductType",
        "userDefined": false
      },
      {
        "text": "กี่บาท",
        "userDefined": false
      }
    ],
    "isTemplate": false,
    "count": 0,
    "lang": "th",
    "updated": 0
  },
  {
    "id": "b2319301-372f-4970-b494-3c210c207c46",
    "data": [
      {
        "text": "กระชายดำ",
        "meta": "@ProductType",
        "alias": "ProductType",
        "userDefined": false
      },
      {
        "text": "เท่าไหร่",
        "userDefined": false
      }
    ],
    "isTemplate": false,
    "count": 0,
    "lang": "th",
    "updated": 0
  },
  {
    "id": "84d7e349-d1c2-4804-9f09-2fed29359c06",
    "data": [
      {
        "text": "กระชายดำ",
        "meta": "@ProductType",
        "alias": "ProductType",
        "userDefined": true
      },
      {
        "text": "ราคา",
        "meta": "@ProductCost",
        "alias": "ProductCost",
        "userDefined": true
      },
      {
        "text": "เท่าไหร่",
        "userDefined": false
      }
    ],
    "isTemplate": false,
    "count": 0,
    "lang": "th",
    "updated": 0
  }
]