[
  {
    "id": "89840488-b514-42f7-9b9e-adca8149bdd9",
    "data": [
      {
        "text": "เดิม",
        "meta": "@Flavormushroom",
        "alias": "flavormushroom",
        "userDefined": false
      }
    ],
    "isTemplate": false,
    "count": 0,
    "lang": "th",
    "updated": 0
  },
  {
    "id": "e731e56d-ac3c-4972-bdd3-af4d923642d3",
    "data": [
      {
        "text": "สูตร",
        "userDefined": false
      },
      {
        "text": "เดิม",
        "meta": "@Flavormushroom",
        "alias": "flavormushroom",
        "userDefined": false
      }
    ],
    "isTemplate": false,
    "count": 0,
    "lang": "th",
    "updated": 0
  },
  {
    "id": "923d1e31-f729-4366-8ab0-7630424f6bb5",
    "data": [
      {
        "text": "สูตรดั้งเดิม",
        "meta": "@Flavormushroom",
        "alias": "flavormushroom",
        "userDefined": false
      }
    ],
    "isTemplate": false,
    "count": 0,
    "lang": "th",
    "updated": 0
  },
  {
    "id": "8457ad1c-7627-4a34-bf2b-460ced4bdbaf",
    "data": [
      {
        "text": "ดังเกิม",
        "meta": "@Flavormushroom",
        "alias": "flavormushroom",
        "userDefined": false
      }
    ],
    "isTemplate": false,
    "count": 0,
    "lang": "th",
    "updated": 0
  },
  {
    "id": "882da827-9e0a-47ae-8a80-fd5af99f5f4a",
    "data": [
      {
        "text": "ดั่งเดิม",
        "meta": "@Flavormushroom",
        "alias": "flavormushroom",
        "userDefined": false
      }
    ],
    "isTemplate": false,
    "count": 0,
    "lang": "th",
    "updated": 0
  },
  {
    "id": "dd298429-645d-4bde-af0c-429e23b9f848",
    "data": [
      {
        "text": "ดังเดิม",
        "meta": "@Flavormushroom",
        "alias": "flavormushroom",
        "userDefined": false
      }
    ],
    "isTemplate": false,
    "count": 0,
    "lang": "th",
    "updated": 0
  },
  {
    "id": "51f53b78-cd83-4562-98e9-7f59c828aac7",
    "data": [
      {
        "text": "ดั้งเดิม",
        "meta": "@Flavormushroom",
        "alias": "flavormushroom",
        "userDefined": false
      }
    ],
    "isTemplate": false,
    "count": 0,
    "lang": "th",
    "updated": 0
  },
  {
    "id": "922e4884-e73e-4ad3-9738-dfd929c34ec3",
    "data": [
      {
        "text": "เข้มข้น",
        "meta": "@Flavormushroom",
        "alias": "flavormushroom",
        "userDefined": false
      }
    ],
    "isTemplate": false,
    "count": 0,
    "lang": "th",
    "updated": 0
  },
  {
    "id": "7c297b23-f3be-4794-b807-aa99b44389dc",
    "data": [
      {
        "text": "สูตร",
        "userDefined": false
      },
      {
        "text": "เข้มข้น",
        "meta": "@Flavormushroom",
        "alias": "flavormushroom",
        "userDefined": false
      }
    ],
    "isTemplate": false,
    "count": 0,
    "lang": "th",
    "updated": 0
  }
]