[
  {
    "id": "fe84f452-cdc9-436b-9cd5-b4d4727eb344",
    "data": [
      {
        "text": "แนะนำหน่อย",
        "userDefined": false
      }
    ],
    "isTemplate": false,
    "count": 0,
    "lang": "th",
    "updated": 0
  },
  {
    "id": "293f0b48-108c-4dad-b334-71e5b817554c",
    "data": [
      {
        "text": "มีอะไรขายบ้าง",
        "userDefined": false
      }
    ],
    "isTemplate": false,
    "count": 0,
    "lang": "th",
    "updated": 0
  },
  {
    "id": "c45bed4c-7f69-464e-a78b-aefc18faabe7",
    "data": [
      {
        "text": "ขายอะไร",
        "userDefined": false
      }
    ],
    "isTemplate": false,
    "count": 0,
    "lang": "th",
    "updated": 0
  },
  {
    "id": "74d8a6d9-d124-429e-ac11-a03eb44cc65d",
    "data": [
      {
        "text": "มีสินค้าอะไรบ้าง",
        "userDefined": false
      }
    ],
    "isTemplate": false,
    "count": 0,
    "lang": "th",
    "updated": 0
  },
  {
    "id": "eebad9aa-843d-42eb-93bb-afc3ebfa1bfc",
    "data": [
      {
        "text": "ขายไรมั่ง",
        "userDefined": false
      }
    ],
    "isTemplate": false,
    "count": 0,
    "lang": "th",
    "updated": 0
  }
]