[
  {
    "id": "de3c829f-4482-41a8-8ad7-1cd0ada335a7",
    "data": [
      {
        "text": "ส่งแบบไหนบ้าง",
        "userDefined": false
      }
    ],
    "isTemplate": false,
    "count": 0,
    "lang": "th",
    "updated": 0
  },
  {
    "id": "3d7744f8-7863-4bfe-9d4c-a834aa396f84",
    "data": [
      {
        "text": "มีส่งแบบไหนบ้าง",
        "userDefined": false
      }
    ],
    "isTemplate": false,
    "count": 0,
    "lang": "th",
    "updated": 0
  },
  {
    "id": "35e95662-31b1-44fd-b626-9705e4f57d8f",
    "data": [
      {
        "text": "โอนหรือเก็บ",
        "userDefined": false
      },
      {
        "text": "ปลายทาง",
        "meta": "@DeliveryType",
        "alias": "deliverytype",
        "userDefined": false
      }
    ],
    "isTemplate": false,
    "count": 0,
    "lang": "th",
    "updated": 0
  },
  {
    "id": "259abe1a-4303-4136-8fd6-6462cae361e3",
    "data": [
      {
        "text": "โอนรึเก็บ",
        "userDefined": false
      },
      {
        "text": "ปลายทาง",
        "meta": "@DeliveryType",
        "alias": "deliverytype",
        "userDefined": false
      }
    ],
    "isTemplate": false,
    "count": 0,
    "lang": "th",
    "updated": 0
  },
  {
    "id": "45193ef5-0dee-4220-bebf-a40440fa7ad6",
    "data": [
      {
        "text": "จ่าย",
        "userDefined": false
      },
      {
        "text": "ปลายทาง",
        "meta": "@DeliveryType",
        "alias": "deliverytype",
        "userDefined": false
      },
      {
        "text": "ได้ไหม",
        "userDefined": false
      }
    ],
    "isTemplate": false,
    "count": 0,
    "lang": "th",
    "updated": 0
  },
  {
    "id": "1f5f7515-8277-4325-b8d8-1b1a248b0139",
    "data": [
      {
        "text": "ปลายทาง",
        "meta": "@DeliveryType",
        "alias": "deliverytype",
        "userDefined": false
      },
      {
        "text": "ได้ไหม",
        "userDefined": false
      }
    ],
    "isTemplate": false,
    "count": 0,
    "lang": "th",
    "updated": 0
  },
  {
    "id": "cfec3a88-abd9-440c-8335-bef46c2de933",
    "data": [
      {
        "text": "มีจ่าย",
        "userDefined": false
      },
      {
        "text": "ปลายทาง",
        "meta": "@DeliveryType",
        "alias": "deliverytype",
        "userDefined": false
      },
      {
        "text": "ไหม",
        "userDefined": false
      }
    ],
    "isTemplate": false,
    "count": 0,
    "lang": "th",
    "updated": 0
  },
  {
    "id": "7ed1ead3-8d03-40d2-be97-dfc8688fda68",
    "data": [
      {
        "text": "มีเก็บเงิน",
        "userDefined": false
      },
      {
        "text": "ปลายทาง",
        "meta": "@DeliveryType",
        "alias": "deliverytype",
        "userDefined": false
      },
      {
        "text": "ไหม",
        "userDefined": false
      }
    ],
    "isTemplate": false,
    "count": 0,
    "lang": "th",
    "updated": 0
  },
  {
    "id": "09f47798-1f3e-47bc-b522-4388ad8a9b1b",
    "data": [
      {
        "text": "มี",
        "userDefined": false
      },
      {
        "text": "ปลายทาง",
        "meta": "@DeliveryType",
        "alias": "deliverytype",
        "userDefined": false
      },
      {
        "text": "ไหม",
        "userDefined": false
      }
    ],
    "isTemplate": false,
    "count": 0,
    "lang": "th",
    "updated": 0
  }
]