[
  {
    "id": "a6bfc270-3cd6-4819-accf-3933a00ee22f",
    "data": [
      {
        "text": "ให้โอนบัญชีไหนนะ",
        "userDefined": false
      }
    ],
    "isTemplate": false,
    "count": 0,
    "lang": "th",
    "updated": 0
  },
  {
    "id": "fa8c4530-ed91-4207-af0e-12d821f61a2c",
    "data": [
      {
        "text": "บัญชี",
        "userDefined": false
      },
      {
        "text": "เดิม",
        "userDefined": false
      },
      {
        "text": "เลยใช่ไหม",
        "userDefined": false
      }
    ],
    "isTemplate": false,
    "count": 0,
    "lang": "th",
    "updated": 0
  },
  {
    "id": "4fad60f2-8afc-4e5e-94bf-f6f155edf984",
    "data": [
      {
        "text": "เลขบัญชี",
        "userDefined": false
      },
      {
        "text": "เดิม",
        "userDefined": false
      },
      {
        "text": "ใข่ไหม",
        "userDefined": false
      }
    ],
    "isTemplate": false,
    "count": 0,
    "lang": "th",
    "updated": 0
  }
]