[
  {
    "id": "1fa9a07b-70ce-4be2-8e40-eb6394a75178",
    "data": [
      {
        "text": "คุยกับแอดมิน",
        "userDefined": false
      }
    ],
    "isTemplate": false,
    "count": 0,
    "lang": "th",
    "updated": 0
  },
  {
    "id": "5fa3bfe0-f324-4dff-b262-a55dae239d28",
    "data": [
      {
        "text": "คุยกับเจ้าของ",
        "userDefined": false
      }
    ],
    "isTemplate": false,
    "count": 0,
    "lang": "th",
    "updated": 0
  },
  {
    "id": "2e1f5ddf-7af6-46d2-95b8-a9703d687859",
    "data": [
      {
        "text": "ขอคุยกับเจ้าของ",
        "userDefined": false
      }
    ],
    "isTemplate": false,
    "count": 0,
    "lang": "th",
    "updated": 0
  },
  {
    "id": "7643828f-296a-4d8a-ac84-969b881c95de",
    "data": [
      {
        "text": "ขอคุยกับแอดมิน",
        "userDefined": false
      }
    ],
    "isTemplate": false,
    "count": 0,
    "lang": "th",
    "updated": 0
  }
]