[
  {
    "id": "332e748a-c323-4242-ba4b-00665b900f4a",
    "data": [
      {
        "text": "ได้ค่ะ",
        "userDefined": false
      }
    ],
    "isTemplate": false,
    "count": 0,
    "lang": "th",
    "updated": 0
  },
  {
    "id": "7e66d6a4-875a-4fb8-bc00-64481d316aba",
    "data": [
      {
        "text": "ได้ครับ",
        "userDefined": false
      }
    ],
    "isTemplate": false,
    "count": 0,
    "lang": "th",
    "updated": 0
  },
  {
    "id": "71ae6edd-9a3b-4279-a2a9-31b06389ff53",
    "data": [
      {
        "text": "ค่ะ",
        "userDefined": false
      }
    ],
    "isTemplate": false,
    "count": 0,
    "lang": "th",
    "updated": 0
  },
  {
    "id": "43204776-2da3-4524-b795-cbde0080e394",
    "data": [
      {
        "text": "ครับ",
        "userDefined": false
      }
    ],
    "isTemplate": false,
    "count": 0,
    "lang": "th",
    "updated": 0
  }
]