[
  {
    "id": "d6ecf5b1-a9ab-480f-8c01-361a7ebdeed4",
    "data": [
      {
        "text": "จะได้ตอนไหน",
        "userDefined": false
      }
    ],
    "isTemplate": false,
    "count": 0,
    "lang": "th",
    "updated": 0
  },
  {
    "id": "9b4579ca-2b2a-436b-a330-d8bc7ae7eb6c",
    "data": [
      {
        "text": "ได้ของตอนไหน",
        "userDefined": false
      }
    ],
    "isTemplate": false,
    "count": 0,
    "lang": "th",
    "updated": 0
  },
  {
    "id": "2023111a-c1ee-4c29-88d7-7f696c1bff56",
    "data": [
      {
        "text": "ได้รับของวันไหน",
        "userDefined": false
      }
    ],
    "isTemplate": false,
    "count": 0,
    "lang": "th",
    "updated": 0
  }
]